"","f.yr","r03","r12","r13","r22","r23","subtotal","total.run"
"1",2021,12377.8124539471,90840.6601857904,232678.787262961,31340.7751829882,43571.8258013879,410809.860887075,430094.98446784
